﻿<?xml version="1.0" encoding="utf-8"?>
<DisplayDriverUninstaller Version="18.1.4.1">
	<LogEntries>
		<Event>
			<Time>2/18/2026 2:15:38 PM</Time>
			<Message>The following paths are detected.</Message>
			<Values Separator=" = ">
				<KvP>
					<Key>[Found] AppExeFile</Key>
					<Value>C:\Users\schuv\Desktop\Neuer Ordner\Display Driver Uninstaller.exe</Value>
				</KvP>
				<KvP>
					<Key>[Found] AppBase</Key>
					<Value>C:\Users\schuv\Desktop\Neuer Ordner\</Value>
				</KvP>
				<KvP>
					<Key>[Found] Settings</Key>
					<Value>C:\Users\schuv\Desktop\Neuer Ordner\Settings\</Value>
				</KvP>
				<KvP>
					<Key>[Found] Logs</Key>
					<Value>C:\Users\schuv\Desktop\Neuer Ordner\DDU Logs\</Value>
				</KvP>
				<KvP>
					<Key>[Found] Language</Key>
					<Value>C:\Users\schuv\Desktop\Neuer Ordner\Settings\Languages\</Value>
				</KvP>
				<KvP />
				<KvP>
					<Key>[Found] ProgramFiles</Key>
					<Value>C:\Program Files\</Value>
				</KvP>
				<KvP>
					<Key>[Found] ProgramFilesx86</Key>
					<Value>C:\Program Files (x86)\</Value>
				</KvP>
				<KvP />
				<KvP>
					<Key>[Found] Roaming</Key>
					<Value>C:\ProgramData\</Value>
				</KvP>
				<KvP>
					<Key>[Not found] AppBaseRoaming</Key>
					<Value>C:\ProgramData\DisplayDriverUninstaller\</Value>
				</KvP>
				<KvP />
				<KvP>
					<Key>[Found] SystemDrive</Key>
					<Value>C:\</Value>
				</KvP>
				<KvP>
					<Key>[Found] WinDir</Key>
					<Value>C:\WINDOWS\</Value>
				</KvP>
				<KvP>
					<Key>[Found] UserPath</Key>
					<Value>C:\Users\</Value>
				</KvP>
				<KvP>
					<Key>[Found] System32</Key>
					<Value>C:\WINDOWS\system32\</Value>
				</KvP>
				<KvP>
					<Key>[Found] SysWOW64</Key>
					<Value>C:\WINDOWS\SysWOW64\</Value>
				</KvP>
			</Values>
		</Event>
		<Event>
			<Time>2/18/2026 2:15:42 PM</Time>
			<Message>System Information</Message>
			<Values Separator=" : ">
				<KvP>
					<Key>DDU Version</Key>
					<Value>18.1.4.1</Value>
				</KvP>
				<KvP>
					<Key>OS</Key>
					<Value>Windows 11</Value>
				</KvP>
				<KvP>
					<Key>Build</Key>
					<Value>26200.7840</Value>
				</KvP>
				<KvP>
					<Key>Win 10 1809+ ?</Key>
					<Value>True</Value>
				</KvP>
				<KvP>
					<Key>NVIDIA App installed ?</Key>
					<Value>False</Value>
				</KvP>
				<KvP>
					<Key>NVIDIA Broadcast ?</Key>
					<Value>False</Value>
				</KvP>
				<KvP>
					<Key>Intel NPU Present ?</Key>
					<Value>False</Value>
				</KvP>
				<KvP>
					<Key>Architecture</Key>
					<Value>x64</Value>
				</KvP>
				<KvP>
					<Key>UserRights</Key>
					<Value>Admin</Value>
				</KvP>
				<KvP>
					<Key>Arguments</Key>
					<Value>&lt;empty&gt;</Value>
				</KvP>
				<KvP />
				<KvP>
					<Key>GPU #0000</Key>
					<Value>NVIDIA GeForce RTX 4060</Value>
				</KvP>
				<KvP>
					<Key>GPU DeviceID</Key>
					<Value>pci\ven_10de&amp;dev_2882&amp;subsys_51601462</Value>
				</KvP>
				<KvP>
					<Key>Vbios</Key>
					<Value>Version95 07.31.00.e2</Value>
				</KvP>
				<KvP>
					<Key>Detected Driver(s) Version(s)</Key>
					<Value>32.0.15.9186</Value>
				</KvP>
				<KvP>
					<Key>INF name</Key>
					<Value>oem6.inf</Value>
				</KvP>
				<KvP>
					<Key>INF section</Key>
					<Value>Section016</Value>
				</KvP>
				<KvP />
				<KvP>
					<Key>GPU #0001</Key>
					<Value>Intel(R) UHD Graphics 770</Value>
				</KvP>
				<KvP>
					<Key>GPU DeviceID</Key>
					<Value>PCI\VEN_8086&amp;DEV_4680</Value>
				</KvP>
				<KvP>
					<Key>Vbios</Key>
					<Value>Intel Video BIOS</Value>
				</KvP>
				<KvP>
					<Key>Detected Driver(s) Version(s)</Key>
					<Value>32.0.101.7040</Value>
				</KvP>
				<KvP>
					<Key>INF name</Key>
					<Value>oem3.inf</Value>
				</KvP>
				<KvP>
					<Key>INF section</Key>
					<Value>iADLSD_w11_DS</Value>
				</KvP>
				<KvP />
			</Values>
		</Event>
		<Warning>
			<Time>2/18/2026 2:15:42 PM</Time>
			<Message>We are not in Safe Mode</Message>
		</Warning>
		<Event>
			<Time>2/18/2026 2:15:42 PM</Time>
			<Message>The following third-party driver packages are installed on this computer</Message>
			<Values Separator=" = ">
				<KvP>
					<Value>C:\WINDOWS\inf\oem0.inf</Value>
				</KvP>
				<KvP>
					<Key>Provider</Key>
					<Value>Microsoft</Value>
				</KvP>
				<KvP>
					<Key>Class</Key>
					<Value>Printer</Value>
				</KvP>
				<KvP />
				<KvP>
					<Value>C:\WINDOWS\inf\oem1.inf</Value>
				</KvP>
				<KvP>
					<Key>Provider</Key>
					<Value>Intel</Value>
				</KvP>
				<KvP>
					<Key>Class</Key>
					<Value>System</Value>
				</KvP>
				<KvP />
				<KvP>
					<Value>C:\WINDOWS\inf\oem10.inf</Value>
				</KvP>
				<KvP>
					<Key>Provider</Key>
					<Value>Realtek</Value>
				</KvP>
				<KvP>
					<Key>Class</Key>
					<Value>Net</Value>
				</KvP>
				<KvP />
				<KvP>
					<Value>C:\WINDOWS\inf\oem14.inf</Value>
				</KvP>
				<KvP>
					<Key>Provider</Key>
					<Value>Intel</Value>
				</KvP>
				<KvP>
					<Key>Class</Key>
					<Value>SoftwareComponent</Value>
				</KvP>
				<KvP />
				<KvP>
					<Value>C:\WINDOWS\inf\oem15.inf</Value>
				</KvP>
				<KvP>
					<Key>Provider</Key>
					<Value>Intel</Value>
				</KvP>
				<KvP>
					<Key>Class</Key>
					<Value>SoftwareComponent</Value>
				</KvP>
				<KvP />
				<KvP>
					<Value>C:\WINDOWS\inf\oem16.inf</Value>
				</KvP>
				<KvP>
					<Key>Provider</Key>
					<Value>Logitech</Value>
				</KvP>
				<KvP>
					<Key>Class</Key>
					<Value>USB</Value>
				</KvP>
				<KvP />
				<KvP>
					<Value>C:\WINDOWS\inf\oem17.inf</Value>
				</KvP>
				<KvP>
					<Key>Provider</Key>
					<Value>Intel Corporation</Value>
				</KvP>
				<KvP>
					<Key>Class</Key>
					<Value>Display</Value>
				</KvP>
				<KvP />
				<KvP>
					<Value>C:\WINDOWS\inf\oem18.inf</Value>
				</KvP>
				<KvP>
					<Key>Provider</Key>
					<Value>Intel Corporation</Value>
				</KvP>
				<KvP>
					<Key>Class</Key>
					<Value>SoftwareComponent</Value>
				</KvP>
				<KvP />
				<KvP>
					<Value>C:\WINDOWS\inf\oem19.inf</Value>
				</KvP>
				<KvP>
					<Key>Provider</Key>
					<Value>Intel Corporation</Value>
				</KvP>
				<KvP>
					<Key>Class</Key>
					<Value>MEDIA</Value>
				</KvP>
				<KvP />
				<KvP>
					<Value>C:\WINDOWS\inf\oem2.inf</Value>
				</KvP>
				<KvP>
					<Key>Provider</Key>
					<Value>Microsoft Corporation</Value>
				</KvP>
				<KvP>
					<Key>Class</Key>
					<Value>AudioProcessingObject</Value>
				</KvP>
				<KvP />
				<KvP>
					<Value>C:\WINDOWS\inf\oem20.inf</Value>
				</KvP>
				<KvP>
					<Key>Provider</Key>
					<Value>Intel Corporation</Value>
				</KvP>
				<KvP>
					<Key>Class</Key>
					<Value>Extension</Value>
				</KvP>
				<KvP />
				<KvP>
					<Value>C:\WINDOWS\inf\oem21.inf</Value>
				</KvP>
				<KvP>
					<Key>Provider</Key>
					<Value>Intel(R) Corporation</Value>
				</KvP>
				<KvP>
					<Key>Class</Key>
					<Value>MEDIA</Value>
				</KvP>
				<KvP />
				<KvP>
					<Value>C:\WINDOWS\inf\oem22.inf</Value>
				</KvP>
				<KvP>
					<Key>Provider</Key>
					<Value>SteelSeries ApS</Value>
				</KvP>
				<KvP>
					<Key>Class</Key>
					<Value>SoftwareComponent</Value>
				</KvP>
				<KvP />
				<KvP>
					<Value>C:\WINDOWS\inf\oem26.inf</Value>
				</KvP>
				<KvP>
					<Key>Provider</Key>
					<Value>SteelSeries</Value>
				</KvP>
				<KvP>
					<Key>Class</Key>
					<Value>System</Value>
				</KvP>
				<KvP />
				<KvP>
					<Value>C:\WINDOWS\inf\oem27.inf</Value>
				</KvP>
				<KvP>
					<Key>Provider</Key>
					<Value>SteelSeries ApS</Value>
				</KvP>
				<KvP>
					<Key>Class</Key>
					<Value>HIDClass</Value>
				</KvP>
				<KvP />
				<KvP>
					<Value>C:\WINDOWS\inf\oem28.inf</Value>
				</KvP>
				<KvP>
					<Key>Provider</Key>
					<Value>SteelSeries ApS</Value>
				</KvP>
				<KvP>
					<Key>Class</Key>
					<Value>HIDClass</Value>
				</KvP>
				<KvP />
				<KvP>
					<Value>C:\WINDOWS\inf\oem29.inf</Value>
				</KvP>
				<KvP>
					<Key>Provider</Key>
					<Value>SteelSeries ApS</Value>
				</KvP>
				<KvP>
					<Key>Class</Key>
					<Value>MEDIA</Value>
				</KvP>
				<KvP />
				<KvP>
					<Value>C:\WINDOWS\inf\oem3.inf</Value>
				</KvP>
				<KvP>
					<Key>Provider</Key>
					<Value>Intel Corporation</Value>
				</KvP>
				<KvP>
					<Key>Class</Key>
					<Value>Display</Value>
				</KvP>
				<KvP />
				<KvP>
					<Value>C:\WINDOWS\inf\oem30.inf</Value>
				</KvP>
				<KvP>
					<Key>Provider</Key>
					<Value>SteelSeries ApS</Value>
				</KvP>
				<KvP>
					<Key>Class</Key>
					<Value>AudioProcessingObject</Value>
				</KvP>
				<KvP />
				<KvP>
					<Value>C:\WINDOWS\inf\oem31.inf</Value>
				</KvP>
				<KvP>
					<Key>Provider</Key>
					<Value>SteelSeries ApS</Value>
				</KvP>
				<KvP>
					<Key>Class</Key>
					<Value>Extension</Value>
				</KvP>
				<KvP />
				<KvP>
					<Value>C:\WINDOWS\inf\oem32.inf</Value>
				</KvP>
				<KvP>
					<Key>Provider</Key>
					<Value>SAMSUNG Electronics Co., Ltd. </Value>
				</KvP>
				<KvP>
					<Key>Class</Key>
					<Value>USB</Value>
				</KvP>
				<KvP />
				<KvP>
					<Value>C:\WINDOWS\inf\oem33.inf</Value>
				</KvP>
				<KvP>
					<Key>Provider</Key>
					<Value>Realtek</Value>
				</KvP>
				<KvP>
					<Key>Class</Key>
					<Value>Net</Value>
				</KvP>
				<KvP />
				<KvP>
					<Value>C:\WINDOWS\inf\oem34.inf</Value>
				</KvP>
				<KvP>
					<Key>Provider</Key>
					<Value>Realtek</Value>
				</KvP>
				<KvP>
					<Key>Class</Key>
					<Value>Net</Value>
				</KvP>
				<KvP />
				<KvP>
					<Value>C:\WINDOWS\inf\oem35.inf</Value>
				</KvP>
				<KvP>
					<Key>Provider</Key>
					<Value>Realtek</Value>
				</KvP>
				<KvP>
					<Key>Class</Key>
					<Value>Net</Value>
				</KvP>
				<KvP />
				<KvP>
					<Value>C:\WINDOWS\inf\oem36.inf</Value>
				</KvP>
				<KvP>
					<Key>Provider</Key>
					<Value>Realtek</Value>
				</KvP>
				<KvP>
					<Key>Class</Key>
					<Value>Net</Value>
				</KvP>
				<KvP />
				<KvP>
					<Value>C:\WINDOWS\inf\oem37.inf</Value>
				</KvP>
				<KvP>
					<Key>Provider</Key>
					<Value>Realtek</Value>
				</KvP>
				<KvP>
					<Key>Class</Key>
					<Value>Net</Value>
				</KvP>
				<KvP />
				<KvP>
					<Value>C:\WINDOWS\inf\oem38.inf</Value>
				</KvP>
				<KvP>
					<Key>Provider</Key>
					<Value>Realtek</Value>
				</KvP>
				<KvP>
					<Key>Class</Key>
					<Value>Net</Value>
				</KvP>
				<KvP />
				<KvP>
					<Value>C:\WINDOWS\inf\oem39.inf</Value>
				</KvP>
				<KvP>
					<Key>Provider</Key>
					<Value>Realtek</Value>
				</KvP>
				<KvP>
					<Key>Class</Key>
					<Value>Net</Value>
				</KvP>
				<KvP />
				<KvP>
					<Value>C:\WINDOWS\inf\oem4.inf</Value>
				</KvP>
				<KvP>
					<Key>Provider</Key>
					<Value>Intel Corporation</Value>
				</KvP>
				<KvP>
					<Key>Class</Key>
					<Value>SoftwareComponent</Value>
				</KvP>
				<KvP />
				<KvP>
					<Value>C:\WINDOWS\inf\oem40.inf</Value>
				</KvP>
				<KvP>
					<Key>Provider</Key>
					<Value>Realtek</Value>
				</KvP>
				<KvP>
					<Key>Class</Key>
					<Value>Net</Value>
				</KvP>
				<KvP />
				<KvP>
					<Value>C:\WINDOWS\inf\oem5.inf</Value>
				</KvP>
				<KvP>
					<Key>Provider</Key>
					<Value>Intel Corporation</Value>
				</KvP>
				<KvP>
					<Key>Class</Key>
					<Value>MEDIA</Value>
				</KvP>
				<KvP />
				<KvP>
					<Value>C:\WINDOWS\inf\oem6.inf</Value>
				</KvP>
				<KvP>
					<Key>Provider</Key>
					<Value>NVIDIA</Value>
				</KvP>
				<KvP>
					<Key>Class</Key>
					<Value>Display</Value>
				</KvP>
				<KvP />
				<KvP>
					<Value>C:\WINDOWS\inf\oem8.inf</Value>
				</KvP>
				<KvP>
					<Key>Provider</Key>
					<Value>Intel</Value>
				</KvP>
				<KvP>
					<Key>Class</Key>
					<Value>SoftwareComponent</Value>
				</KvP>
				<KvP />
				<KvP>
					<Value>C:\WINDOWS\inf\oem9.inf</Value>
				</KvP>
				<KvP>
					<Key>Provider</Key>
					<Value>SteelSeries ApS</Value>
				</KvP>
				<KvP>
					<Key>Class</Key>
					<Value>Extension</Value>
				</KvP>
				<KvP />
			</Values>
		</Event>
		<Event>
			<Time>2/18/2026 2:15:43 PM</Time>
			<Message>Trying to impersonate the SYSTEM account... SUCCESS !</Message>
			<Values Separator=" : ">
				<KvP>
					<Key>Number of process to check</Key>
					<Value>110</Value>
				</KvP>
				<KvP>
					<Key>chrome</Key>
					<Value>Skipping : S-1-5-21-2497229110-1406619199-1576731134-1001</Value>
				</KvP>
				<KvP>
					<Key>SearchProtocolHost</Key>
					<Value>S-1-5-18</Value>
				</KvP>
				<KvP>
					<Key>SearchProtocolHost</Key>
					<Value>SYSTEM account impersonalisation SUCCESS</Value>
				</KvP>
				<KvP>
					<Value>ThreadID : 1</Value>
				</KvP>
			</Values>
		</Event>
		<Event>
			<Time>2/18/2026 2:15:43 PM</Time>
			<Message>Trying to Revert impersonalisation of the SYSTEM account... Reverting the Impersonalisation is successful !</Message>
			<Values Separator=" : ">
				<KvP>
					<Value>ThreadID : 1</Value>
				</KvP>
				<KvP>
					<Value>Remaining impersonated threadIDs: </Value>
				</KvP>
			</Values>
		</Event>
		<Event>
			<Time>2/18/2026 2:15:44 PM</Time>
			<Message>&gt;&gt; Successfully saved log to file!</Message>
		</Event>
	</LogEntries>
</DisplayDriverUninstaller>