﻿<?xml version="1.0" encoding="utf-8"?>
<DisplayDriverUninstaller Version="18.1.4.1">
	<LogEntries>
		<Event>
			<Time>1/24/2026 9:46:28 AM</Time>
			<Message>The following paths are detected.</Message>
			<Values Separator=" = ">
				<KvP>
					<Key>[Found] AppExeFile</Key>
					<Value>C:\Users\ghisl\Desktop\DDU\DDU v18.1.4.1\Display Driver Uninstaller.exe</Value>
				</KvP>
				<KvP>
					<Key>[Found] AppBase</Key>
					<Value>C:\Users\ghisl\Desktop\DDU\DDU v18.1.4.1\</Value>
				</KvP>
				<KvP>
					<Key>[Found] Settings</Key>
					<Value>C:\Users\ghisl\Desktop\DDU\DDU v18.1.4.1\Settings\</Value>
				</KvP>
				<KvP>
					<Key>[Found] Logs</Key>
					<Value>C:\Users\ghisl\Desktop\DDU\DDU v18.1.4.1\DDU Logs\</Value>
				</KvP>
				<KvP>
					<Key>[Found] Language</Key>
					<Value>C:\Users\ghisl\Desktop\DDU\DDU v18.1.4.1\Settings\Languages\</Value>
				</KvP>
				<KvP />
				<KvP>
					<Key>[Found] ProgramFiles</Key>
					<Value>C:\Program Files\</Value>
				</KvP>
				<KvP>
					<Key>[Found] ProgramFilesx86</Key>
					<Value>C:\Program Files (x86)\</Value>
				</KvP>
				<KvP />
				<KvP>
					<Key>[Found] Roaming</Key>
					<Value>C:\ProgramData\</Value>
				</KvP>
				<KvP>
					<Key>[Found] AppBaseRoaming</Key>
					<Value>C:\ProgramData\DisplayDriverUninstaller\</Value>
				</KvP>
				<KvP />
				<KvP>
					<Key>[Found] SystemDrive</Key>
					<Value>C:\</Value>
				</KvP>
				<KvP>
					<Key>[Found] WinDir</Key>
					<Value>C:\WINDOWS\</Value>
				</KvP>
				<KvP>
					<Key>[Found] UserPath</Key>
					<Value>C:\Users\</Value>
				</KvP>
				<KvP>
					<Key>[Found] System32</Key>
					<Value>C:\WINDOWS\system32\</Value>
				</KvP>
				<KvP>
					<Key>[Found] SysWOW64</Key>
					<Value>C:\WINDOWS\SysWOW64\</Value>
				</KvP>
			</Values>
		</Event>
		<Event>
			<Time>1/24/2026 9:46:28 AM</Time>
			<Message>Closed by HasLinkArg</Message>
		</Event>
		<Event>
			<Time>1/24/2026 9:46:28 AM</Time>
			<Message>&gt;&gt; Successfully saved log to file!</Message>
		</Event>
	</LogEntries>
</DisplayDriverUninstaller>